{"ratio": [], "shift": [["De la cuvée,Domaine", 0], ["De la cuvée,Cuvée", 0], ["A été dégustée,Dégustation", 0], ["A été dégustée,Stockage", 0], ["Dans la région,Domaine", 0], ["Dans la région,Région", 0], ["Commentaires lors de l'achat,LotBouteille", 0], ["Commentaires lors de l'achat,Commentaires", 0], ["Stocké à,Site", 0], ["Stocké à,Stockage", 0], ["Du domaine,Domaine", 0], ["Du domaine,LotBouteille", 0], ["Admet pour stockage,LotBouteille", 0], ["Admet pour stockage,Stockage", 0]], "colors": [["annotation_color", "#542788"], ["annotation_text_color", "#f7f7f7"], ["association_attribute_text_color", "#000000"], ["association_cartouche_color", "#b2abd2"], ["association_cartouche_text_color", "#000000"], ["association_color", "#d8daeb"], ["association_stroke_color", "#8073ac"], ["background_color", "#f7f7f7"], ["card_text_color", "#b35806"], ["entity_attribute_text_color", "#000000"], ["entity_cartouche_color", "#fdb863"], ["entity_cartouche_text_color", "#000000"], ["entity_color", "#fee0b6"], ["entity_stroke_color", "#e08214"], ["leg_stroke_color", "#8073ac"], ["transparent_color", "none"]], "cy": [["Cuvée", 60], ["De la cuvée", 60], ["Commentaires", 60], ["A été dégustée", 60], ["Dégustation", 60], ["Dans la région", 161], ["Domaine", 161], ["Commentaires lors de l'achat", 161], ["Stockage", 161], ["Stocké à", 161], ["Région", 287], ["Du domaine", 287], ["LotBouteille", 287], ["Admet pour stockage", 287], ["Site", 287]], "cx": [["Cuvée", 60], ["De la cuvée", 189], ["Commentaires", 363], ["A été dégustée", 538], ["Dégustation", 708], ["Dans la région", 60], ["Domaine", 189], ["Commentaires lors de l'achat", 363], ["Stockage", 538], ["Stocké à", 708], ["Région", 60], ["Du domaine", 189], ["LotBouteille", 363], ["Admet pour stockage", 538], ["Site", 708]], "size": [802, 372]}